[{
  "subject": "Theater",
  "location": "York",
  "price": 17,
  "spaces": 5,
  "image": "images/theater.jpg"
},{
  "subject": "Community Services",
  "location": "Liverpool",
  "price": 9,
  "spaces": 5,
  "image": "images/community.jpg"
},{
  "subject": "Theater",
  "location": "London",
  "price": 13,
  "spaces": 5,
  "image": "images/theater.jpg"
},{
  "subject": "Sport",
  "location": "Oxford",
  "price": 19,
  "spaces": 5,
  "image": "images/sport.jpg"
},{
  "subject": "Coding And Programming",
  "location": "Bristol",
  "price": 7,
  "spaces": 4,
  "image": "images/coding.jpg"
},{
  "subject": "Music",
  "location": "London",
  "price": 20,
  "spaces": 5,
  "image": "images/music.jpg"
},{
  "subject": "Religous Activities",
  "location": "Manchester",
  "price": 12,
  "spaces": 5,
  "image": "images/religious.jpg"
},{
  "subject": "Music",
  "location": "Chelsey",
  "price": 16,
  "spaces": 5,
  "image": "images/music.jpg"
},{
  "subject": "Art and Craft",
  "location": "London",
  "price": 22,
  "image": "images/art_and_craft.jpg",
  "spaces": 4
},{
  "subject": "Cooking And Baking",
  "location": "London",
  "price": 8,
  "spaces": 5,
  "image": "images/cooking.jpg"
}]